{
  "project_info": {
    "project_number": "841015537227",
    "project_id": "doctor-ji-63a56",
    "storage_bucket": "doctor-ji-63a56.appspot.com"
  },
  "client": [
    {
      "client_info": {
        "mobilesdk_app_id": "1:841015537227:android:62f95461ec017873f6a7ce",
        "android_client_info": {
          "package_name": "com.beast.doctorji"
        }
      },
      "oauth_client": [],
      "api_key": [
        {
          "current_key": "AIzaSyBO7jrlBqfpHiPCw4lEcGpAgGVoR1jFzCI"
        }
      ],
      "services": {
        "appinvite_service": {
          "other_platform_oauth_client": []
        }
      }
    },
    {
      "client_info": {
        "mobilesdk_app_id": "1:841015537227:android:8b34038115462f57f6a7ce",
        "android_client_info": {
          "package_name": "com.example.flutter_application_1"
        }
      },
      "oauth_client": [],
      "api_key": [
        {
          "current_key": "AIzaSyBO7jrlBqfpHiPCw4lEcGpAgGVoR1jFzCI"
        }
      ],
      "services": {
        "appinvite_service": {
          "other_platform_oauth_client": []
        }
      }
    }
  ],
  "configuration_version": "1"
}